,Date,Close/Last,Volume,Open,High,Low
0,2020-05-22,318.89,20450750,315.77,319.23,315.35
1,2020-05-21,316.85,25672210,318.66,320.89,315.87
2,2020-05-20,319.23,27876220,316.68,319.52,316.2
3,2020-05-19,313.14,25432390,315.03,318.52,313.01
4,2020-05-18,314.96,33843130,313.17,316.5,310.3241
5,2020-05-15,307.71,41587090,300.35,307.9,300.21
6,2020-05-14,309.54,39732270,304.51,309.79,301.53
7,2020-05-13,307.65,50155640,312.15,315.95,303.21
8,2020-05-12,311.41,40575260,317.83,319.688,310.91
9,2020-05-11,315.01,36486560,308.1,317.05,307.24
10,2020-05-08,310.13,33511990,305.64,310.35,304.29
11,2020-05-07,303.74,28803760,303.22,305.17,301.97
12,2020-05-06,300.63,35583440,300.46,303.24,298.87
13,2020-05-05,297.56,36937800,295.06,301.0,294.46
14,2020-05-04,293.16,33391990,289.17,293.69,286.3172
15,2020-05-01,289.07,60154180,286.25,299.0,285.85
16,2020-04-30,293.8,45765970,289.96,294.53,288.35
17,2020-04-29,287.73,34320200,284.73,289.67,283.89
18,2020-04-28,278.58,28001190,285.08,285.83,278.2
19,2020-04-27,283.17,29271890,281.8,284.54,279.95
20,2020-04-24,282.97,31627180,277.2,283.01,277.0
21,2020-04-23,275.03,31203580,275.87,281.75,274.87
22,2020-04-22,276.1,29264340,273.61,277.9,272.2
23,2020-04-21,268.37,45247890,276.28,277.25,265.43
24,2020-04-20,276.93,32503750,277.95,281.68,276.85
25,2020-04-17,282.8,53812480,284.69,286.945,276.86
26,2020-04-16,286.69,39281290,287.38,288.1975,282.3502
27,2020-04-15,284.43,32788640,282.4,286.33,280.63
28,2020-04-14,287.05,48748670,280.0,288.25,278.05
29,2020-04-13,273.25,32755730,268.31,273.7,265.83
30,2020-04-09,267.99,40529120,268.7,270.07,264.7
31,2020-04-08,266.07,42223820,262.74,267.37,261.23
32,2020-04-07,259.43,50721830,270.8,271.7,259.0
33,2020-04-06,262.47,50455070,250.9,263.11,249.38
34,2020-04-03,241.41,32470020,242.8,245.7,238.9741
35,2020-04-02,244.93,41483490,240.34,245.15,236.9
36,2020-04-01,240.91,44054640,246.5,248.72,239.13
37,2020-03-31,254.29,49250500,255.6,262.49,252.0
38,2020-03-30,254.81,41994110,250.74,255.52,249.4
39,2020-03-27,247.74,51054150,252.75,255.87,247.05
40,2020-03-26,258.44,63140170,246.52,258.68,246.36
41,2020-03-25,245.52,75900510,250.75,258.25,244.3
42,2020-03-24,246.88,71882770,236.36,247.69,234.3
43,2020-03-23,224.37,84188210,228.08,228.4997,212.61
44,2020-03-20,229.24,100423300,247.18,251.83,228.0
45,2020-03-19,244.78,67964260,247.385,252.84,242.61
46,2020-03-18,246.67,75058410,239.77,250.0,237.12
47,2020-03-17,252.86,81013970,247.51,257.61,238.4
48,2020-03-16,242.21,80605870,241.95,259.08,240.0
49,2020-03-13,277.97,92683030,264.89,279.92,252.95
50,2020-03-12,248.23,104618500,255.94,270.0,248.0
51,2020-03-11,275.43,64094970,277.39,281.22,271.86
52,2020-03-10,285.34,71322520,277.14,286.44,269.37
53,2020-03-09,266.17,71686210,263.75,278.09,263.0
54,2020-03-06,289.03,56544250,282.0,290.82,281.23
55,2020-03-05,292.92,46893220,295.52,299.55,291.41
56,2020-03-04,302.74,54794570,296.44,303.4,293.13
57,2020-03-03,289.32,79868850,303.67,304.0,285.8
58,2020-03-02,298.81,85349340,282.28,301.44,277.72
59,2020-02-28,273.36,106721200,257.26,278.41,256.37
60,2020-02-27,273.52,80151380,281.1,286.0,272.96
61,2020-02-26,292.65,49678430,286.53,297.88,286.5
62,2020-02-25,288.08,57668360,300.95,302.53,286.13
63,2020-02-24,298.18,55548830,297.26,304.18,289.23
64,2020-02-21,313.05,32426420,318.62,320.45,310.5
65,2020-02-20,320.3,25141490,322.63,324.65,318.21
66,2020-02-19,323.62,23495990,320.0,324.57,320.0
67,2020-02-18,319.0,38190550,315.36,319.75,314.61
68,2020-02-14,324.95,20028450,324.74,325.98,322.85
69,2020-02-13,324.87,23686890,324.19,326.22,323.35
70,2020-02-12,327.2,28432570,321.47,327.22,321.47
71,2020-02-11,319.61,23580780,323.6,323.9,318.71
72,2020-02-10,321.55,27337220,314.18,321.55,313.85
73,2020-02-07,320.03,29421010,322.37,323.4,318.0
74,2020-02-06,325.21,26356390,322.57,325.22,320.2648
75,2020-02-05,321.45,29706720,323.52,324.76,318.95
76,2020-02-04,318.85,34154130,315.31,319.64,313.6345
77,2020-02-03,308.66,43496400,304.3,313.49,302.22
78,2020-01-31,309.51,49897100,320.93,322.68,308.29
79,2020-01-30,323.87,31685810,320.544,324.09,318.75
80,2020-01-29,324.34,54149930,324.45,327.85,321.38
81,2020-01-28,317.69,40558490,312.6,318.4,312.19
82,2020-01-27,308.95,40485010,310.06,311.77,304.88
83,2020-01-24,318.31,36634380,320.25,323.33,317.5188
84,2020-01-23,319.23,26117990,317.92,319.56,315.65
85,2020-01-22,317.7,25458120,318.58,319.99,317.31
86,2020-01-21,316.57,27710810,317.19,319.02,316.0
87,2020-01-17,318.73,34454120,316.27,318.74,315.0
88,2020-01-16,315.24,27207250,313.59,315.7,312.09
89,2020-01-15,311.34,30480880,311.85,315.5,309.55
90,2020-01-14,312.68,40653460,316.7,317.57,312.17
91,2020-01-13,316.96,30521720,311.64,317.07,311.15
92,2020-01-10,310.33,35217270,310.6,312.67,308.25
93,2020-01-09,309.63,42621540,307.235,310.43,306.2
94,2020-01-08,303.19,33090950,297.16,304.4399,297.156
95,2020-01-07,298.39,27877660,299.84,300.9,297.48
96,2020-01-06,299.8,29644640,293.79,299.96,292.75
97,2020-01-03,297.43,36633880,297.15,300.58,296.5
98,2020-01-02,300.35,33911860,296.24,300.6,295.19
99,2019-12-31,293.65,25247630,289.93,293.68,289.52
100,2019-12-30,291.52,36059610,289.46,292.69,285.22
101,2019-12-27,289.8,36592940,291.12,293.97,288.12
102,2019-12-26,289.91,23334000,284.82,289.98,284.7
103,2019-12-24,284.27,12119710,284.69,284.89,282.9197
104,2019-12-23,284.0,24677880,280.53,284.25,280.3735
105,2019-12-20,279.44,69032740,282.23,282.65,278.56
106,2019-12-19,280.02,24626950,279.5,281.18,278.95
107,2019-12-18,279.74,29024690,279.8,281.9,279.12
108,2019-12-17,280.41,28575800,279.57,281.77,278.8
109,2019-12-16,279.86,32081110,277.0,280.79,276.98
110,2019-12-13,275.15,33432810,271.46,275.3,270.93
111,2019-12-12,271.46,34437040,267.78,272.5599,267.321
112,2019-12-11,270.77,19723390,268.81,271.1,268.5
113,2019-12-10,268.48,22632380,268.6,270.07,265.86
114,2019-12-09,266.92,32182650,270.0,270.8,264.91
115,2019-12-06,270.71,26547490,267.48,271.0,267.3
116,2019-12-05,265.58,18661340,263.79,265.89,262.73
117,2019-12-04,261.74,16810390,261.07,263.31,260.68
118,2019-12-03,259.45,29377270,258.31,259.53,256.29
119,2019-12-02,264.16,23693550,267.27,268.25,263.45
120,2019-11-29,267.25,11654360,266.6,268.0,265.9
121,2019-11-27,267.84,16386120,265.58,267.98,265.31
122,2019-11-26,264.29,26334880,266.94,267.16,262.5
123,2019-11-25,266.37,21029520,262.71,266.44,262.52
124,2019-11-22,261.78,16331260,262.59,263.18,260.84
125,2019-11-21,262.01,30348780,263.69,264.005,261.18
126,2019-11-20,263.19,26609920,265.54,266.083,260.4
127,2019-11-19,266.29,19069600,267.9,268.0,265.3926
128,2019-11-18,267.1,21700900,265.8,267.43,264.23
129,2019-11-15,265.76,25093670,263.68,265.78,263.01
130,2019-11-14,262.64,22395560,263.75,264.88,262.1
131,2019-11-13,264.47,25817590,261.13,264.78,261.07
132,2019-11-12,261.96,21847230,261.55,262.79,260.92
133,2019-11-11,262.2,20507460,258.3,262.47,258.28
134,2019-11-08,260.14,17520500,258.69,260.44,256.85
135,2019-11-07,259.43,23735080,258.74,260.35,258.11
136,2019-11-06,257.24,18966120,256.77,257.49,255.365
137,2019-11-05,257.13,19974430,257.05,258.19,256.32
138,2019-11-04,257.5,25817950,257.33,257.845,255.38
139,2019-11-01,255.82,37781330,249.54,255.93,249.16
140,2019-10-31,248.76,34790520,247.24,249.17,237.26
141,2019-10-30,243.26,31130520,244.76,245.3,241.21
142,2019-10-29,243.29,35709870,248.97,249.75,242.57
143,2019-10-28,249.05,24143240,247.42,249.25,246.72
144,2019-10-25,246.58,18369300,243.16,246.73,242.88
145,2019-10-24,243.58,17916260,244.51,244.8,241.805
146,2019-10-23,243.18,19932550,242.1,243.24,241.22
147,2019-10-22,239.96,22684000,241.16,242.2,239.6218
148,2019-10-21,240.51,22367480,237.52,240.99,237.32
149,2019-10-18,236.41,24377170,234.59,237.58,234.29
150,2019-10-17,235.28,17272900,235.09,236.15,233.52
151,2019-10-16,234.37,19286690,233.37,235.24,233.2
152,2019-10-15,235.32,23040480,236.39,237.65,234.88
153,2019-10-14,235.87,24413480,234.9,238.1342,234.6701
154,2019-10-11,236.21,41990210,232.95,237.64,232.3075
155,2019-10-10,230.09,28962980,227.93,230.44,227.3
156,2019-10-09,227.03,19029420,227.03,227.79,225.64
157,2019-10-08,224.4,29282700,225.82,228.06,224.33
158,2019-10-07,227.06,30889270,226.27,229.93,225.84
159,2019-10-04,227.01,34755550,225.64,227.49,223.89
160,2019-10-03,220.82,30352690,218.43,220.96,215.132
161,2019-10-02,218.96,35767260,223.06,223.58,217.93
162,2019-10-01,224.59,36187160,225.07,228.22,224.2
163,2019-09-30,223.97,26318580,220.9,224.58,220.79
164,2019-09-27,218.82,25361290,220.54,220.96,217.2814
165,2019-09-26,219.89,19088310,220.0,220.94,218.83
166,2019-09-25,221.03,22481010,218.55,221.5,217.1402
167,2019-09-24,217.68,31434370,221.03,222.49,217.19
168,2019-09-23,218.72,19419650,218.95,219.84,217.65
169,2019-09-20,217.73,57977090,221.38,222.56,217.473
170,2019-09-19,220.96,22187880,222.01,223.76,220.37
171,2019-09-18,222.77,25643090,221.06,222.85,219.44
172,2019-09-17,220.7,18386470,219.96,220.82,219.12
173,2019-09-16,219.9,21158140,217.73,220.13,217.56
174,2019-09-13,218.75,39763300,220.0,220.79,217.02
175,2019-09-12,223.085,32226670,224.8,226.42,222.86
176,2019-09-11,223.59,44289650,218.07,223.71,217.73
177,2019-09-10,216.7,31777930,213.86,216.78,211.71
178,2019-09-09,214.17,27309400,214.84,216.44,211.07
179,2019-09-06,213.26,19362290,214.05,214.42,212.51
180,2019-09-05,213.28,23946880,212.0,213.97,211.51
181,2019-09-04,209.19,19216820,208.39,209.48,207.32
182,2019-09-03,205.7,20059570,206.43,206.98,204.22
183,2019-08-30,208.74,21162560,210.16,210.45,207.2
184,2019-08-29,209.01,21007650,208.5,209.32,206.655
185,2019-08-28,205.53,15957630,204.1,205.72,203.32
186,2019-08-27,204.16,25897340,207.86,208.55,203.53
187,2019-08-26,206.49,26066130,205.86,207.19,205.0573
188,2019-08-23,202.64,46882840,209.43,212.051,201.0
189,2019-08-22,212.46,22267820,213.19,214.435,210.75
190,2019-08-21,212.64,21564750,212.99,213.65,211.6032
191,2019-08-20,210.36,26919530,210.88,213.35,210.32
192,2019-08-19,210.35,24431920,210.62,212.7307,210.025
193,2019-08-16,206.5,28813620,204.28,207.16,203.84
194,2019-08-15,201.74,27883360,203.46,205.14,199.67
195,2019-08-14,202.75,36547440,203.16,206.44,202.5869
196,2019-08-13,208.97,47539790,201.02,212.14,200.83
197,2019-08-12,200.48,22481890,199.62,202.0516,199.15
198,2019-08-09,200.99,24619750,201.3,202.76,199.29
199,2019-08-08,203.43,27009520,200.2,203.53,199.39
200,2019-08-07,199.04,33364400,195.41,199.56,193.82
201,2019-08-06,197.0,35824790,196.31,198.067,194.04
202,2019-08-05,193.34,52392970,197.99,198.649,192.58
203,2019-08-02,204.02,40862120,205.53,206.43,201.63
204,2019-08-01,208.43,54017920,213.9,218.03,206.7435
205,2019-07-31,213.04,69281360,216.42,221.37,211.3
206,2019-07-30,208.78,33935720,208.76,210.16,207.31
207,2019-07-29,209.68,21673390,208.46,210.64,208.44
208,2019-07-26,207.74,17618870,207.48,209.73,207.14
209,2019-07-25,207.02,13909560,208.89,209.24,206.73
210,2019-07-24,208.67,14991570,207.67,209.15,207.17
211,2019-07-23,208.84,18355210,208.46,208.91,207.29
212,2019-07-22,207.22,22277930,203.65,207.23,203.61
213,2019-07-19,202.59,20929310,205.79,206.5,202.36
214,2019-07-18,205.66,18582160,204.0,205.88,203.7
215,2019-07-17,203.35,14107450,204.05,205.0915,203.27
216,2019-07-16,204.5,16866820,204.59,206.11,203.5
217,2019-07-15,205.21,16947420,204.09,205.87,204.0
218,2019-07-12,203.3,17595210,202.45,204.0,202.2
219,2019-07-11,201.75,20191840,203.31,204.39,201.71
220,2019-07-10,203.23,17897140,201.85,203.73,201.56
221,2019-07-09,201.24,20578020,199.2,201.51,198.81
222,2019-07-08,200.02,25338630,200.81,201.4,198.41
223,2019-07-05,204.23,17265520,203.35,205.08,202.9
224,2019-07-03,204.41,11362050,203.28,204.44,202.6901
225,2019-07-02,202.73,16935220,201.41,203.1323,201.36
226,2019-07-01,201.55,27316740,203.17,204.49,200.65
227,2019-06-28,197.92,31110640,198.68,199.495,197.05
228,2019-06-27,199.74,20899720,200.29,201.57,199.57
229,2019-06-26,199.8,26067510,197.77,200.99,197.35
230,2019-06-25,195.57,21070330,198.43,199.26,195.29
231,2019-06-24,198.58,18220420,198.54,200.16,198.17
232,2019-06-21,198.78,47800590,198.8,200.85,198.15
233,2019-06-20,199.46,21513990,200.37,200.61,198.03
234,2019-06-19,197.87,21124240,199.68,199.88,197.31
235,2019-06-18,198.45,26551000,196.05,200.29,195.21
236,2019-06-17,193.89,14669140,192.9,194.96,192.17
237,2019-06-14,192.74,18761470,191.545,193.5863,190.3
238,2019-06-13,194.15,21674630,194.7,196.79,193.6
239,2019-06-12,194.19,18253190,193.95,195.97,193.385
240,2019-06-11,194.81,26932880,194.86,196.0,193.6
241,2019-06-10,192.58,26220850,191.81,195.37,191.62
242,2019-06-07,190.15,30684390,186.51,191.92,185.77
243,2019-06-06,185.22,22526310,183.08,185.47,182.1489
244,2019-06-05,182.54,29773430,184.28,184.99,181.14
245,2019-06-04,179.64,30967960,175.44,179.83,174.52
246,2019-06-03,173.3,40396070,175.6,177.92,170.27
247,2019-05-31,175.07,27043580,176.23,177.99,174.99
248,2019-05-30,178.3,21218410,177.95,179.23,176.67
249,2019-05-29,177.38,28481170,176.42,179.35,176.0
250,2019-05-28,178.23,27948160,178.92,180.59,177.91
251,2019-05-24,178.97,23714690,180.2,182.14,178.62
252,2019-05-23,179.66,36529740,179.8,180.54,177.81
253,2019-05-22,182.78,29748560,184.66,185.71,182.55
254,2019-05-21,186.6,28364850,185.22,188.0,184.7
255,2019-05-20,183.09,38612290,183.52,184.349,180.2839
256,2019-05-17,189.0,32879090,186.93,190.9,186.76
257,2019-05-16,190.08,33031360,189.91,192.4689,188.84
258,2019-05-15,190.92,26544720,186.27,191.75,186.02
259,2019-05-14,188.66,36529680,186.41,189.7,185.41
260,2019-05-13,185.72,57430620,187.71,189.48,182.85
261,2019-05-10,197.18,41208710,197.419,198.85,192.77
262,2019-05-09,200.72,34908610,200.4,201.68,196.66
263,2019-05-08,202.9,26339500,201.9,205.34,201.75
264,2019-05-07,202.86,38763700,205.88,207.4175,200.825
265,2019-05-06,208.48,32443110,204.29,208.84,203.5
266,2019-05-03,211.75,20892380,210.89,211.84,210.23
267,2019-05-02,209.15,31996320,209.84,212.65,208.13
268,2019-05-01,210.52,64827330,209.88,215.31,209.23
269,2019-04-30,200.67,45751160,203.06,203.4,199.11
270,2019-04-29,204.61,22010360,204.4,205.97,203.86
271,2019-04-26,204.3,18612770,204.9,205.0,202.12
272,2019-04-25,205.28,18463850,206.83,207.76,205.12
273,2019-04-24,207.16,17427570,207.36,208.48,207.05
274,2019-04-23,207.48,23286380,204.43,207.75,203.9
275,2019-04-22,204.53,17841920,202.83,204.94,202.34
276,2019-04-18,203.86,24185530,203.12,204.15,202.52
277,2019-04-17,203.13,28865310,199.54,203.38,198.61
278,2019-04-16,199.25,25668330,199.46,201.37,198.56
279,2019-04-15,199.23,17524150,198.58,199.85,198.01
280,2019-04-12,198.87,27738580,199.2,200.14,196.21
281,2019-04-11,198.95,20543190,200.85,201.0,198.4431
282,2019-04-10,200.62,21654750,198.68,200.74,198.18
283,2019-04-09,199.5,35738280,200.32,202.85,199.23
284,2019-04-08,200.1,25829880,196.42,200.23,196.34
285,2019-04-05,197.0,18473070,196.45,197.1,195.93
286,2019-04-04,195.69,19090050,194.79,196.37,193.14
287,2019-04-03,195.35,23243160,193.25,196.5,193.15
288,2019-04-02,194.02,22727370,191.09,194.46,191.05
289,2019-04-01,191.24,27308200,191.64,191.68,188.38
290,2019-03-29,189.95,23524830,189.83,190.08,188.54
291,2019-03-28,188.72,20710390,188.95,189.559,187.53
292,2019-03-27,188.47,29771210,188.75,189.76,186.55
293,2019-03-26,186.79,49696100,191.664,192.88,184.58
294,2019-03-25,188.74,43751810,191.51,191.98,186.6
295,2019-03-22,191.05,42287640,195.34,197.69,190.78
296,2019-03-21,195.09,50943120,190.02,196.33,189.81
297,2019-03-20,188.16,31003380,186.23,189.49,184.73
298,2019-03-19,186.53,31440300,188.35,188.99,185.92
299,2019-03-18,188.02,26148590,185.8,188.39,185.79
300,2019-03-15,186.12,39017490,184.85,187.33,183.74
301,2019-03-14,183.73,23527660,183.9,184.1,182.56
302,2019-03-13,181.71,30929740,182.25,183.3,180.92
303,2019-03-12,180.91,32416800,180.0,182.67,179.37
304,2019-03-11,178.9,31123000,175.49,179.12,175.35
305,2019-03-08,172.91,23985960,170.32,173.07,169.5
306,2019-03-07,172.5,24755470,173.87,174.44,172.02
307,2019-03-06,174.52,20755140,174.67,175.49,173.94
308,2019-03-05,175.53,19238480,175.94,176.0,174.54
309,2019-03-04,175.85,27413060,175.69,177.75,173.97
310,2019-03-01,174.97,25737560,174.28,175.15,172.89
311,2019-02-28,173.15,27953810,174.32,174.91,172.92
312,2019-02-27,174.87,27817640,173.21,175.0,172.73
313,2019-02-26,174.33,16991610,173.71,175.3,173.1732
314,2019-02-25,174.23,21846400,174.16,175.87,173.95
315,2019-02-22,172.97,18890250,171.58,173.0,171.38
316,2019-02-21,171.06,17154540,171.8,172.37,170.3
317,2019-02-20,172.03,25323890,171.19,173.32,170.99
318,2019-02-19,170.93,18958570,169.71,171.44,169.49
319,2019-02-15,170.42,24603320,171.25,171.7,169.75
320,2019-02-14,170.8,21785180,169.71,171.2615,169.38
321,2019-02-13,170.18,22389660,171.39,172.48,169.92
322,2019-02-12,170.89,22224400,170.1,171.0,169.7
323,2019-02-11,169.43,20940020,171.05,171.21,169.25
324,2019-02-08,170.41,23793830,168.99,170.66,168.42
325,2019-02-07,170.94,31644240,172.4,173.94,170.34
326,2019-02-06,174.24,28204640,174.65,175.57,172.8531
327,2019-02-05,174.18,36054570,172.86,175.08,172.3501
328,2019-02-04,171.25,31384720,167.41,171.655,167.28
329,2019-02-01,166.52,32644590,166.96,168.98,165.93
330,2019-01-31,166.44,40613260,166.11,169.0,164.56
331,2019-01-30,165.25,60800480,163.25,166.15,160.23
332,2019-01-29,154.68,39914850,156.25,158.13,154.11
333,2019-01-28,156.3,26147280,155.79,156.33,153.66
334,2019-01-25,157.76,33508960,155.48,158.13,154.32
335,2019-01-24,152.7,25418110,154.11,154.48,151.74
336,2019-01-23,153.92,23046560,154.15,155.14,151.7
337,2019-01-22,153.3,30273990,156.41,156.73,152.62
338,2019-01-18,156.82,33259460,157.5,157.88,155.9806
339,2019-01-17,155.86,29616190,154.2,157.66,153.26
340,2019-01-16,154.94,30483120,153.08,155.88,153.0
341,2019-01-15,153.07,28449940,150.27,153.39,150.05
342,2019-01-14,150.0,32018540,150.85,151.27,149.22
343,2019-01-11,152.29,26924630,152.88,153.7,151.51
344,2019-01-10,153.8,35661200,152.5,153.97,150.86
345,2019-01-09,153.31,45034370,151.29,154.53,149.63
346,2019-01-08,150.75,40622910,149.56,151.82,148.52
347,2019-01-07,147.93,54571440,148.7,148.83,145.9
348,2019-01-04,148.26,57423650,144.53,148.5499,143.8
349,2019-01-03,142.19,91106840,143.98,145.72,142.0
350,2019-01-02,157.92,35637070,154.89,158.85,154.23
351,2018-12-31,157.74,34499390,158.53,159.36,156.48
352,2018-12-28,156.23,41740600,157.5,158.52,154.55
353,2018-12-27,156.15,51608850,155.84,156.77,150.07
354,2018-12-26,157.17,58133850,148.3,157.23,146.72
355,2018-12-24,146.83,37169230,148.15,151.55,146.59
356,2018-12-21,150.73,95497900,156.86,158.16,149.63
357,2018-12-20,156.83,64398230,160.4,162.11,155.3
358,2018-12-19,160.89,47597670,166.0,167.45,159.09
359,2018-12-18,166.07,33753490,165.38,167.53,164.39
360,2018-12-17,163.94,43250420,165.45,168.35,162.73
361,2018-12-14,165.48,40620360,169.0,169.08,165.28
362,2018-12-13,170.95,31754210,170.49,172.57,169.55
363,2018-12-12,169.1,35474680,170.4,171.92,169.02
364,2018-12-11,168.63,45968040,171.66,171.79,167.0
365,2018-12-10,169.6,61759000,165.0,170.09,163.33
366,2018-12-07,168.49,41678680,173.49,174.49,168.3
367,2018-12-06,174.72,42704910,171.76,174.78,170.42
368,2018-12-04,176.69,41141250,180.95,182.3899,176.27
369,2018-12-03,184.82,40537700,184.46,184.94,181.21
370,2018-11-30,178.58,39424260,180.29,180.33,177.03
371,2018-11-29,179.55,41523580,182.66,182.8,177.7
372,2018-11-28,180.94,45941750,176.73,181.29,174.93
373,2018-11-27,174.24,41156140,171.51,174.77,170.88
374,2018-11-26,174.62,44662320,174.24,174.95,170.26
375,2018-11-23,172.29,23623970,174.94,176.595,172.1
376,2018-11-21,176.78,31096240,179.73,180.27,176.55
377,2018-11-20,176.98,67678680,178.37,181.47,175.51
378,2018-11-19,185.86,41626820,190.0,190.7,184.99
379,2018-11-16,193.53,36191330,190.5,194.9695,189.46
380,2018-11-15,191.41,46271660,188.39,191.97,186.9
381,2018-11-14,186.8,60547340,193.9,194.48,185.93
382,2018-11-13,192.23,46725710,191.63,197.18,191.4501
383,2018-11-12,194.17,50991030,199.0,199.85,193.79
384,2018-11-09,204.47,34317760,205.55,206.01,202.25
385,2018-11-08,208.49,25289270,209.98,210.12,206.75
386,2018-11-07,209.95,33291640,205.97,210.06,204.13
387,2018-11-06,203.77,31774720,201.92,204.72,201.69
388,2018-11-05,201.59,66072170,204.3,204.39,198.17
389,2018-11-02,207.48,91046560,209.55,213.65,205.43
390,2018-11-01,222.22,52954070,219.05,222.36,216.81
391,2018-10-31,218.86,38016810,216.88,220.45,216.62
392,2018-10-30,213.3,36487930,211.15,215.18,209.27
393,2018-10-29,212.24,45713690,219.19,219.69,206.09
394,2018-10-26,216.3,47191700,215.9,220.19,212.67
395,2018-10-25,219.8,29027340,217.71,221.38,216.75
396,2018-10-24,215.09,39992120,222.6,224.23,214.54
397,2018-10-23,222.73,38681170,215.83,223.25,214.7
398,2018-10-22,220.65,28751540,219.79,223.36,218.94
399,2018-10-19,219.31,32874330,218.06,221.26,217.43
400,2018-10-18,216.02,32389280,217.86,219.74,213.0
401,2018-10-17,221.19,22692880,222.3,222.64,219.34
402,2018-10-16,222.15,28802550,218.93,222.99,216.7627
403,2018-10-15,217.36,30280450,221.16,221.83,217.27
404,2018-10-12,222.11,39494770,220.42,222.88,216.84
405,2018-10-11,214.45,52902320,214.52,219.5,212.32
406,2018-10-10,216.36,41084070,225.46,226.35,216.05
407,2018-10-09,226.87,26656630,223.64,227.27,222.2462
408,2018-10-08,223.77,28784550,222.21,224.8,220.2
409,2018-10-05,224.29,33507770,227.96,228.41,220.58
410,2018-10-04,227.99,31961120,230.78,232.35,226.73
411,2018-10-03,232.07,28540490,230.05,233.47,229.78
412,2018-10-02,229.28,24435010,227.25,230.0,226.63
413,2018-10-01,227.26,23171020,227.95,229.42,226.35
414,2018-09-28,225.74,22560440,224.79,225.84,224.02
415,2018-09-27,224.95,29729270,223.82,226.44,223.54
416,2018-09-26,220.42,23430370,221.0,223.75,219.76
417,2018-09-25,222.19,22811140,219.75,222.82,219.7
418,2018-09-24,220.79,27581270,216.82,221.26,216.63
419,2018-09-21,217.66,95584080,220.78,221.36,217.29
420,2018-09-20,220.03,26388050,220.24,222.28,219.15
421,2018-09-19,218.37,26869880,218.5,219.62,215.3
422,2018-09-18,218.24,31495630,217.79,221.85,217.12
423,2018-09-17,217.88,36810120,222.15,222.95,217.27
424,2018-09-14,223.84,31801970,225.75,226.84,222.522
425,2018-09-13,226.41,41411350,223.52,228.35,222.57
426,2018-09-12,221.07,49118510,224.94,225.0,219.84
427,2018-09-11,223.85,35644510,218.01,224.299,216.56
428,2018-09-10,218.33,39194720,220.95,221.85,216.47
429,2018-09-07,221.3,37418910,221.85,225.37,220.71
430,2018-09-06,223.1,34121240,226.23,227.35,221.3
431,2018-09-05,226.87,33290830,228.99,229.67,225.1
432,2018-09-04,228.36,27363960,228.41,229.18,226.63
433,2018-08-31,227.63,43177540,226.51,228.87,226.0
434,2018-08-30,225.03,48696960,223.25,228.26,222.4
435,2018-08-29,222.98,27074260,220.15,223.49,219.41
436,2018-08-28,219.7,22751390,219.01,220.54,218.92
437,2018-08-27,217.94,20400770,217.15,218.74,216.33
438,2018-08-24,216.16,18457720,216.6,216.9,215.11
439,2018-08-23,215.49,18505780,214.65,217.05,214.6
440,2018-08-22,215.05,18965930,214.1,216.36,213.84
441,2018-08-21,215.04,25682700,216.8,217.19,214.025
442,2018-08-20,215.46,30149410,218.1,219.18,215.11
443,2018-08-17,217.58,35034410,213.44,217.95,213.16
444,2018-08-16,213.32,27595310,211.75,213.8121,211.47
445,2018-08-15,210.24,28595230,209.22,210.74,208.33
446,2018-08-14,209.75,20679270,210.155,210.56,208.26
447,2018-08-13,208.87,25864510,207.7,210.952,207.7
448,2018-08-10,207.53,24592460,207.36,209.1,206.67
449,2018-08-09,208.88,23389530,207.28,209.78,207.2
450,2018-08-08,207.25,22493750,206.05,207.81,204.52
451,2018-08-07,207.11,25525650,209.32,209.5,206.76
452,2018-08-06,209.07,25396100,208.0,209.25,207.07
453,2018-08-03,207.99,33408050,207.03,208.74,205.4803
454,2018-08-02,207.39,62317430,200.58,208.38,200.35
455,2018-08-01,201.5,67812280,199.13,201.76,197.31
456,2018-07-31,190.29,37847260,190.3,192.14,189.34
457,2018-07-30,189.91,20912890,191.9,192.2,189.07
458,2018-07-27,190.98,23975350,194.99,195.19,190.1
459,2018-07-26,194.21,19005150,194.61,195.96,193.61
460,2018-07-25,194.82,16553500,193.06,194.85,192.43
461,2018-07-24,193.0,18680930,192.45,193.6601,192.05
462,2018-07-23,191.61,15955820,190.68,191.96,189.56
463,2018-07-20,191.44,20670830,191.78,192.43,190.17
464,2018-07-19,191.88,20182050,189.69,192.55,189.69
465,2018-07-18,190.4,16365720,191.78,191.8,189.93
466,2018-07-17,191.45,15515000,189.75,191.87,189.2
467,2018-07-16,190.91,15009800,191.52,192.65,190.415
468,2018-07-13,191.33,12506830,191.08,191.84,190.9
469,2018-07-12,191.03,18000180,189.53,191.41,189.31
470,2018-07-11,187.88,18776390,188.5,189.7799,187.61
471,2018-07-10,190.35,15801370,190.71,191.28,190.1801
472,2018-07-09,190.58,19636390,189.5,190.68,189.3
473,2018-07-06,187.97,17426160,185.42,188.434,185.2
474,2018-07-05,185.4,16543880,185.26,186.41,184.28
475,2018-07-03,183.92,13954810,187.79,187.95,183.54
476,2018-07-02,187.18,17675210,183.82,187.3,183.42
477,2018-06-29,185.11,22551660,186.29,187.19,182.91
478,2018-06-28,185.5,17352380,184.1,186.21,183.8
479,2018-06-27,184.16,24987260,185.228,187.28,184.03
480,2018-06-26,184.43,24378480,182.99,186.53,182.54
481,2018-06-25,182.17,31632320,183.4,184.92,180.73
482,2018-06-22,184.92,27185130,186.12,186.15,184.7
483,2018-06-21,185.46,25649240,187.25,188.35,184.94
484,2018-06-20,186.5,20490090,186.35,187.2,185.73
485,2018-06-19,185.69,33538550,185.14,186.33,183.45
486,2018-06-18,188.74,18458410,187.88,189.22,187.2
487,2018-06-15,188.84,61438290,190.03,190.16,188.26
488,2018-06-14,190.8,21584720,191.55,191.57,190.22
489,2018-06-13,190.7,21480120,192.42,192.88,190.44
490,2018-06-12,192.28,16859020,191.385,192.611,191.15
491,2018-06-11,191.23,18069930,191.35,191.97,190.21
492,2018-06-08,191.7,26580710,191.17,192.0,189.77
493,2018-06-07,193.46,21329170,194.14,194.2,192.335
494,2018-06-06,193.98,20912820,193.63,194.08,191.92
495,2018-06-05,193.31,21535570,193.065,193.94,192.36
496,2018-06-04,191.83,26190620,191.635,193.42,191.35
497,2018-06-01,190.24,23377690,187.991,190.26,187.75
498,2018-05-31,186.87,27468700,187.22,188.23,186.14
499,2018-05-30,187.5,18503410,187.72,188.0,186.78
500,2018-05-29,187.9,22409110,187.6,188.75,186.87
501,2018-05-25,188.58,17186760,188.23,189.65,187.65
502,2018-05-24,188.15,23129400,188.77,188.84,186.21
503,2018-05-23,188.36,19966590,186.35,188.5,185.76
504,2018-05-22,187.16,15228270,188.375,188.88,186.78
505,2018-05-21,187.63,18383080,188.0,189.27,186.9106
506,2018-05-18,186.31,18083080,187.19,187.8102,186.13
507,2018-05-17,186.99,17014490,188.0,188.91,186.36
508,2018-05-16,188.18,19046600,186.07,188.46,186.0
509,2018-05-15,186.44,23639070,186.78,187.07,185.1
510,2018-05-14,188.15,20393070,189.01,189.53,187.86
511,2018-05-11,188.59,26167950,189.49,190.06,187.45
512,2018-05-10,190.04,27942430,187.74,190.37,187.65
513,2018-05-09,187.36,23141260,186.55,187.4,185.22
514,2018-05-08,186.05,28053230,184.99,186.22,183.665
515,2018-05-07,185.16,42557530,185.18,187.67,184.75
516,2018-05-04,183.83,56137230,178.25,184.25,178.17
517,2018-05-03,176.89,33944110,175.88,177.5,174.4411
518,2018-05-02,176.57,66454720,175.225,177.75,173.8
519,2018-05-01,169.1,52228910,166.41,169.2,165.27
520,2018-04-30,165.26,41976500,162.13,167.26,161.84
521,2018-04-27,162.32,35617230,164.0,164.33,160.63
522,2018-04-26,164.22,27850370,164.12,165.73,163.37
523,2018-04-25,163.65,28331540,162.62,165.42,162.41
524,2018-04-24,162.94,33674960,165.67,166.33,161.2201
525,2018-04-23,165.24,36396590,166.835,166.92,164.09
526,2018-04-20,165.72,65270950,170.595,171.2184,165.43
527,2018-04-19,172.8,34693280,174.95,175.39,172.66
528,2018-04-18,177.84,20544600,177.81,178.82,176.88
529,2018-04-17,178.24,26575010,176.49,178.9365,176.41
530,2018-04-16,175.82,21561320,175.0301,176.19,174.8301
531,2018-04-13,174.73,25100510,174.78,175.84,173.85
532,2018-04-12,174.14,22858840,173.41,175.0,173.04
533,2018-04-11,172.44,22401040,172.23,173.9232,171.7
534,2018-04-10,173.25,28567110,173.0,174.0,171.53
535,2018-04-09,170.05,28976200,169.88,173.09,169.845
536,2018-04-06,168.38,34949690,170.97,172.48,168.2
537,2018-04-05,172.8,26750260,172.58,174.2304,172.08
538,2018-04-04,171.61,34581850,164.88,172.01,164.77
539,2018-04-03,168.39,30237640,167.64,168.7455,164.88
540,2018-04-02,166.68,37425640,167.88,168.94,164.47
541,2018-03-29,167.78,38116290,167.805,171.75,166.9
542,2018-03-28,166.48,41464880,167.25,170.02,165.19
543,2018-03-27,168.34,39824200,173.68,175.15,166.92
544,2018-03-26,172.77,36778560,168.07,173.1,166.44
545,2018-03-23,164.94,40984540,168.39,169.92,164.94
546,2018-03-22,168.85,41335980,170.0,172.68,168.6
547,2018-03-21,171.27,36387880,175.04,175.09,171.26
548,2018-03-20,175.24,19620520,175.24,176.8,174.94
549,2018-03-19,175.3,32931110,177.32,177.47,173.66
550,2018-03-16,178.02,38313330,178.65,179.12,177.62
551,2018-03-15,178.65,22676520,178.5,180.24,178.0701
552,2018-03-14,178.44,29334630,180.32,180.52,177.81
553,2018-03-13,179.97,31464170,182.59,183.5,179.24
554,2018-03-12,181.72,32191070,180.29,182.39,180.21
555,2018-03-09,179.98,32130360,177.96,180.0,177.39
556,2018-03-08,176.94,24518850,175.48,177.12,175.07
557,2018-03-07,175.03,31686450,174.94,175.85,174.27
558,2018-03-06,176.67,23273160,177.91,178.25,176.13
559,2018-03-05,176.82,27825140,175.21,177.74,174.52
560,2018-03-02,176.21,38426060,172.8,176.3,172.45
561,2018-03-01,175.0,48706170,178.54,179.775,172.66
562,2018-02-28,178.12,37568080,179.26,180.615,178.05
563,2018-02-27,178.39,38885510,179.1,180.48,178.16
564,2018-02-26,178.97,37353670,176.35,179.39,176.21
565,2018-02-23,175.5,33772050,173.67,175.65,173.54
566,2018-02-22,172.5,30953760,171.8,173.95,171.71
567,2018-02-21,171.07,37378070,172.83,174.12,171.01
568,2018-02-20,171.85,33690660,172.05,174.26,171.42
569,2018-02-16,172.43,40113790,172.36,174.82,171.77
570,2018-02-15,172.99,50908540,169.79,173.09,169.0
571,2018-02-14,167.37,40382890,163.045,167.54,162.88
572,2018-02-13,164.34,32483310,161.95,164.75,161.65
573,2018-02-12,162.71,60774900,158.5,163.89,157.51
574,2018-02-09,156.41,70583530,157.07,157.89,150.24
575,2018-02-08,155.15,54145930,160.29,161.0,155.03
576,2018-02-07,159.54,51467440,163.085,163.4,159.0685
577,2018-02-06,163.03,68171940,154.83,163.72,154.0
578,2018-02-05,156.49,72215320,159.1,163.88,156.0
579,2018-02-02,160.5,85957050,166.0,166.8,160.1
580,2018-02-01,167.78,44453230,167.165,168.62,166.76
581,2018-01-31,167.43,32234520,166.87,168.4417,166.5
582,2018-01-30,166.97,45635470,165.525,167.37,164.7
583,2018-01-29,167.96,50565420,170.16,170.16,167.07
584,2018-01-26,171.51,39075250,172.0,172.0,170.06
585,2018-01-25,171.11,41438280,174.505,174.95,170.53
586,2018-01-24,174.22,51368540,177.25,177.3,173.2
587,2018-01-23,177.04,32395870,177.3,179.44,176.82
588,2018-01-22,177.0,27052000,177.3,177.78,176.6016
589,2018-01-19,178.46,31306390,178.61,179.58,177.41
590,2018-01-18,179.26,31087330,179.37,180.1,178.25
591,2018-01-17,179.1,34260230,176.15,179.25,175.07
592,2018-01-16,176.19,29512410,177.9,179.39,176.14
593,2018-01-12,177.09,25302200,176.18,177.36,175.65
594,2018-01-11,175.28,18653380,174.59,175.4886,174.49
595,2018-01-10,174.29,23751690,173.16,174.3,173.0
596,2018-01-09,174.33,21532200,174.55,175.06,173.41
597,2018-01-08,174.35,20523870,174.35,175.61,173.93
598,2018-01-05,175.0,23589930,173.44,175.37,173.05
599,2018-01-04,173.03,22342650,172.54,173.47,172.08
600,2018-01-03,172.23,29461040,172.53,174.55,171.96
601,2018-01-02,172.26,25400540,170.16,172.3,169.26
602,2017-12-29,169.23,25938760,170.52,170.59,169.22
603,2017-12-28,171.08,16412270,171.0,171.85,170.48
604,2017-12-27,170.6,21477380,170.1,170.78,169.71
605,2017-12-26,170.57,33113340,170.8,171.47,169.679
606,2017-12-22,175.01,16339690,174.68,175.424,174.5
607,2017-12-21,175.01,20848660,174.17,176.02,174.1
608,2017-12-20,174.35,23451420,174.87,175.42,173.25
609,2017-12-19,174.54,27393660,175.03,175.39,174.09
610,2017-12-18,176.42,29385650,174.88,177.2,174.86
611,2017-12-15,173.97,40122100,173.63,174.17,172.46
612,2017-12-14,172.22,20442740,172.4,173.13,171.65
613,2017-12-13,172.27,23402510,172.5,173.54,172.0
614,2017-12-12,171.7,19088170,172.15,172.39,171.461
615,2017-12-11,172.67,34260890,169.2,172.89,168.79
616,2017-12-08,169.37,23285760,170.49,171.0,168.82
617,2017-12-07,169.32,25656110,169.03,170.44,168.91
618,2017-12-06,169.01,28397810,167.5,170.2047,166.46
619,2017-12-05,169.64,27315530,169.06,171.52,168.4
620,2017-12-04,169.8,32512580,172.48,172.62,169.63
621,2017-12-01,171.05,39735110,169.95,171.67,168.5
622,2017-11-30,171.85,41484540,170.43,172.14,168.44
623,2017-11-29,169.48,41459120,172.63,172.92,167.16
624,2017-11-28,173.07,26387240,174.3,174.87,171.86
625,2017-11-27,174.09,20591090,175.05,175.08,173.34
626,2017-11-24,174.97,14026670,175.1,175.5,174.6459
627,2017-11-22,174.96,25558680,173.36,175.0,173.05
628,2017-11-21,173.14,25047130,170.78,173.7,170.78
629,2017-11-20,169.98,16041550,170.29,170.56,169.56
630,2017-11-17,170.15,21884010,171.04,171.39,169.64
631,2017-11-16,171.1,23598650,171.18,171.87,170.3
632,2017-11-15,169.08,28998220,169.97,170.3197,168.38
633,2017-11-14,171.34,24683350,173.04,173.48,171.18
634,2017-11-13,173.97,16956290,173.5,174.5,173.4
635,2017-11-10,174.67,25129510,175.11,175.38,174.27
636,2017-11-09,175.88,29422610,175.11,176.095,173.14
637,2017-11-08,176.24,24358920,174.66,176.24,174.33
638,2017-11-07,174.81,24332120,173.91,175.25,173.6
639,2017-11-06,174.25,34770480,172.365,174.99,171.72
640,2017-11-03,172.5,59332210,174.0,174.26,171.12
641,2017-11-02,168.11,39668100,167.64,168.5,165.28
642,2017-11-01,166.89,33482970,169.87,169.94,165.61
643,2017-10-31,169.04,35779520,167.9,169.6499,166.94
644,2017-10-30,166.72,44651420,163.89,168.07,163.72
645,2017-10-27,163.05,44387770,159.29,163.6,158.7
646,2017-10-26,157.41,16916650,157.23,157.8295,156.78
647,2017-10-25,156.41,21175670,156.91,157.55,155.27
648,2017-10-24,157.1,17633730,156.29,157.42,156.2
649,2017-10-23,156.17,21888930,156.89,157.69,155.5
650,2017-10-20,156.25,23907540,156.61,157.75,155.96
651,2017-10-19,155.98,42357420,156.75,157.08,155.02
652,2017-10-18,159.76,16252850,160.42,160.71,159.6
653,2017-10-17,160.47,18969700,159.78,160.87,159.23
654,2017-10-16,159.88,24093300,157.9,160.0,157.65
655,2017-10-13,156.99,16367780,156.73,157.28,156.41
656,2017-10-12,156.0,16380570,156.35,157.37,155.7299
657,2017-10-11,156.55,16861450,155.97,156.98,155.75
658,2017-10-10,155.9,15603520,156.055,158.0,155.1
659,2017-10-09,155.84,16243080,155.81,156.73,155.485
660,2017-10-06,155.3,17223790,154.97,155.49,154.56
661,2017-10-05,155.39,21215870,154.18,155.44,154.05
662,2017-10-04,153.48,20088940,153.63,153.86,152.46
663,2017-10-03,154.48,16216800,154.01,155.09,153.91
664,2017-10-02,153.81,18631540,154.26,154.45,152.72
665,2017-09-29,154.12,26204670,153.21,154.13,152.0
666,2017-09-28,153.28,21983410,153.89,154.28,152.7
667,2017-09-27,154.23,25402270,153.8,154.7189,153.54
668,2017-09-26,153.14,35907770,151.78,153.92,151.69
669,2017-09-25,150.55,44366140,149.99,151.83,149.16
670,2017-09-22,151.89,46575410,152.02,152.27,150.56
671,2017-09-21,153.39,37350060,155.8,155.8,152.75
672,2017-09-20,156.07,52126240,157.9,158.26,153.83
673,2017-09-19,158.73,20565620,159.51,159.77,158.44
674,2017-09-18,158.67,28157630,160.11,160.5,157.995
675,2017-09-15,159.88,48846060,158.47,160.97,158.0
676,2017-09-14,158.28,23637310,158.99,159.4,158.09
677,2017-09-13,159.65,44866280,159.87,159.96,157.91
678,2017-09-12,160.86,71574560,162.61,163.96,158.77
679,2017-09-11,161.5,31506890,160.5,162.05,159.89
680,2017-09-08,158.63,28411740,160.86,161.15,158.53
681,2017-09-07,161.26,21905160,162.09,162.24,160.36
682,2017-09-06,161.91,21610300,162.71,162.99,160.52
683,2017-09-05,162.08,29491910,163.75,164.25,160.56
684,2017-09-01,164.05,16564340,164.8,164.94,163.63
685,2017-08-31,164.0,26729940,163.64,164.52,163.48
686,2017-08-30,163.35,27215770,163.8,163.89,162.61
687,2017-08-29,162.91,29451050,160.1,163.12,160.0
688,2017-08-28,161.47,25649890,160.14,162.0,159.93
689,2017-08-25,159.86,25184600,159.65,160.56,159.27
690,2017-08-24,159.27,19782170,160.43,160.74,158.55
691,2017-08-23,159.98,19376940,159.07,160.47,158.88
692,2017-08-22,159.78,21564890,158.23,160.0,158.02
693,2017-08-21,157.21,26330070,157.5,157.89,155.1101
694,2017-08-18,157.5,27391950,157.86,159.5,156.72
695,2017-08-17,157.86,27377960,160.52,160.71,157.84
696,2017-08-16,160.95,27607370,161.94,162.51,160.15
697,2017-08-15,161.6,29377630,160.66,162.195,160.14
698,2017-08-14,159.85,22074760,159.32,160.21,158.75
699,2017-08-11,157.48,26208970,156.6,158.5728,156.07
700,2017-08-10,155.32,39636190,159.9,160.0,154.63
701,2017-08-09,161.06,26060430,159.26,161.27,159.11
702,2017-08-08,160.08,36127490,158.6,161.83,158.27
703,2017-08-07,158.81,21827400,157.06,158.92,156.6701
704,2017-08-04,156.39,20514810,156.07,157.4,155.69
705,2017-08-03,155.57,26604140,157.05,157.21,155.02
706,2017-08-02,157.14,69726440,159.28,159.75,156.16
707,2017-08-01,150.05,33669020,149.1,150.22,148.41
708,2017-07-31,148.73,19690420,149.9,150.33,148.13
709,2017-07-28,149.5,17192770,149.89,150.23,149.19
710,2017-07-27,150.56,32429770,153.75,153.99,147.3
711,2017-07-26,153.46,15649120,153.35,153.93,153.06
712,2017-07-25,152.74,18798250,151.8,153.84,151.8
713,2017-07-24,152.09,21466370,150.58,152.44,149.9
714,2017-07-21,150.27,25111310,149.99,150.44,148.88
715,2017-07-20,150.34,17170490,151.5,151.74,150.19
716,2017-07-19,151.02,20859830,150.48,151.42,149.95
717,2017-07-18,150.08,17837130,149.2,150.13,148.67
718,2017-07-17,149.56,23765710,148.82,150.9,148.57
719,2017-07-14,149.04,20117070,147.97,149.33,147.33
720,2017-07-13,147.77,25080500,145.5,148.49,145.44
721,2017-07-12,145.74,24833800,145.87,146.18,144.82
722,2017-07-11,145.53,18647220,144.73,145.85,144.38
723,2017-07-10,145.06,21080580,144.11,145.95,143.37
724,2017-07-07,144.18,18527000,142.9,144.75,142.9
725,2017-07-06,142.73,24110330,143.02,143.5,142.41
726,2017-07-05,144.09,21550270,143.69,144.79,142.7237
727,2017-07-03,143.5,14277850,144.88,145.3001,143.1
728,2017-06-30,144.02,22986960,144.45,144.96,143.78
729,2017-06-29,143.68,31450520,144.71,145.13,142.28
730,2017-06-28,145.83,22052920,144.49,146.11,143.1601
731,2017-06-27,143.73,24725210,145.01,146.16,143.62
732,2017-06-26,145.82,25674500,147.17,148.28,145.38
733,2017-06-23,146.28,35421310,145.13,147.16,145.11
734,2017-06-22,145.63,19082170,145.77,146.7,145.1199
735,2017-06-21,145.87,21247590,145.52,146.0693,144.61
736,2017-06-20,145.01,24877950,146.87,146.87,144.94
737,2017-06-19,146.34,32203640,143.66,146.74,143.66
738,2017-06-16,142.27,50264540,143.78,144.5,142.2
739,2017-06-15,144.29,31642900,143.32,144.4798,142.21
740,2017-06-14,145.16,31454590,147.5,147.5,143.84
741,2017-06-13,146.59,34089190,147.16,147.45,145.15
742,2017-06-12,145.42,72187710,145.74,146.09,142.51
743,2017-06-09,148.98,64782910,155.19,155.19,146.02
744,2017-06-08,154.99,21144040,155.25,155.54,154.4
745,2017-06-07,155.37,21017560,155.02,155.98,154.48
746,2017-06-06,154.45,26591850,153.9,155.81,153.78
747,2017-06-05,153.93,25277680,154.34,154.45,153.46
748,2017-06-02,155.45,27715140,153.58,155.45,152.89
749,2017-06-01,153.18,16383610,153.17,153.33,152.22
750,2017-05-31,152.76,24452750,153.97,154.17,152.38
751,2017-05-30,153.67,20118620,153.42,154.43,153.33
752,2017-05-26,153.61,21895020,154.0,154.24,153.31
753,2017-05-25,153.87,19217810,153.73,154.35,153.03
754,2017-05-24,153.34,19201820,153.84,154.17,152.67
755,2017-05-23,153.8,19906170,154.9,154.9,153.31
756,2017-05-22,153.99,22930630,154.0,154.58,152.91
757,2017-05-19,153.06,26892850,153.38,153.98,152.63
758,2017-05-18,152.54,33520150,151.27,153.34,151.13
759,2017-05-17,150.25,50674280,153.6,154.57,149.71
760,2017-05-16,155.47,19994270,155.94,156.06,154.72
761,2017-05-15,155.7,25912270,156.01,156.65,155.05
762,2017-05-12,156.1,32493770,154.7,156.42,154.67
763,2017-05-11,153.95,27236290,152.45,154.07,152.31
764,2017-05-10,153.26,25779060,153.63,153.94,152.11
765,2017-05-09,153.99,38907940,153.87,154.88,153.45
766,2017-05-08,153.01,48670440,149.03,153.7,149.03
767,2017-05-05,148.96,27254850,146.76,148.98,146.76
768,2017-05-04,146.53,23345970,146.52,147.14,145.81
769,2017-05-03,147.06,45579740,145.59,147.49,144.27
770,2017-05-02,147.51,44182930,147.54,148.09,146.84
771,2017-05-01,146.58,33498270,145.1,147.2,144.96
772,2017-04-28,143.65,20783460,144.09,144.3,143.27
773,2017-04-27,143.79,14198660,143.923,144.16,143.31
774,2017-04-26,143.68,19998050,144.47,144.6,143.3762
775,2017-04-25,144.53,18325720,143.91,144.9,143.87
776,2017-04-24,143.64,17117710,143.5,143.95,143.18
777,2017-04-21,142.27,17290900,142.44,142.68,141.85
778,2017-04-20,142.44,23294040,141.22,142.92,141.16
779,2017-04-19,140.68,17302160,141.88,142.0,140.45
780,2017-04-18,141.2,14676420,141.41,142.04,141.11
781,2017-04-17,141.83,16529130,141.48,141.88,140.87
782,2017-04-13,141.05,17775510,141.91,142.38,141.05
783,2017-04-12,141.8,20320420,141.6,142.15,141.01
784,2017-04-11,141.63,30341520,142.94,143.35,140.06
785,2017-04-10,143.17,18904680,143.6,143.8792,142.9
786,2017-04-07,143.34,16658660,143.73,144.18,143.27
787,2017-04-06,143.66,21131040,144.29,144.52,143.45
788,2017-04-05,144.02,27649500,144.22,145.46,143.81
789,2017-04-04,144.77,19865300,143.25,144.89,143.17
790,2017-04-03,143.7,19970040,143.71,144.12,143.05
791,2017-03-31,143.66,19576480,143.72,144.27,143.01
792,2017-03-30,143.93,21189000,144.19,144.5,143.5
793,2017-03-29,144.12,29174040,143.68,144.49,143.19
794,2017-03-28,143.8,33348400,140.91,144.04,140.62
795,2017-03-27,140.88,23531670,139.39,141.22,138.62
796,2017-03-24,140.64,22355140,141.5,141.74,140.35
797,2017-03-23,140.92,20299310,141.26,141.5844,140.61
798,2017-03-22,141.42,25804820,139.845,141.6,139.76
799,2017-03-21,139.84,39461130,142.11,142.8,139.73
800,2017-03-20,141.46,21258100,140.4,141.5,140.23
801,2017-03-17,139.99,43700570,141.0,141.0,139.89
802,2017-03-16,140.69,19173780,140.72,141.02,140.26
803,2017-03-15,140.46,25676720,139.41,140.7501,139.025
804,2017-03-14,138.99,15281850,139.3,139.65,138.84
805,2017-03-13,139.2,17048800,138.85,139.43,138.82
806,2017-03-10,139.14,19578920,139.25,139.3571,138.64
807,2017-03-09,138.68,22117750,138.74,138.79,137.05
808,2017-03-08,139.0,18695500,138.95,139.8,138.82
809,2017-03-07,139.52,17439210,139.06,139.98,138.79
810,2017-03-06,139.34,21229890,139.365,139.77,138.5959
811,2017-03-03,139.78,21555370,138.78,139.83,138.59
812,2017-03-02,138.96,26170690,140.0,140.2786,138.76
813,2017-03-01,139.79,36362440,137.89,140.15,137.595
814,2017-02-28,136.99,23446340,137.08,137.435,136.7
815,2017-02-27,136.93,20222210,137.14,137.435,136.28
816,2017-02-24,136.66,21754600,135.91,136.66,135.28
817,2017-02-23,136.53,20762360,137.38,137.48,136.3
818,2017-02-22,137.11,20769030,136.43,137.12,136.11
819,2017-02-21,136.7,24487200,136.23,136.75,135.98
820,2017-02-17,135.72,22163280,135.1,135.83,135.1
821,2017-02-16,135.345,22539860,135.67,135.9,134.8398
822,2017-02-15,135.51,35578640,135.52,136.27,134.62
823,2017-02-14,135.02,33054500,133.47,135.09,133.25
824,2017-02-13,133.29,22989980,133.08,133.82,132.75
825,2017-02-10,132.12,20046250,132.46,132.94,132.05
826,2017-02-09,132.42,28321440,131.65,132.445,131.12
827,2017-02-08,132.04,22941650,131.35,132.22,131.22
828,2017-02-07,131.53,38158410,130.54,132.09,130.45
829,2017-02-06,130.29,26784530,129.13,130.5,128.9
830,2017-02-03,129.08,24460160,128.31,129.19,128.16
831,2017-02-02,128.53,33671250,127.975,129.39,127.78
832,2017-02-01,128.75,111837300,127.03,130.49,127.01
833,2017-01-31,121.35,47767760,121.15,121.39,120.62
834,2017-01-30,121.63,30327110,120.93,121.63,120.66
835,2017-01-27,121.95,20495340,122.14,122.35,121.6
836,2017-01-26,121.94,26320740,121.67,122.44,121.6
837,2017-01-25,121.88,32417410,120.42,122.1,120.28
838,2017-01-24,119.97,23191150,119.55,120.1,119.5
839,2017-01-23,120.08,21982000,120.0,120.81,119.77
840,2017-01-20,120.0,29922650,120.45,120.45,119.7346
841,2017-01-19,119.78,25554290,119.4,120.09,119.37
842,2017-01-18,119.99,23687350,120.0,120.5,119.71
843,2017-01-17,120.0,34412090,118.34,120.24,118.22
844,2017-01-13,119.04,26083030,119.11,119.62,118.81
845,2017-01-12,119.25,27057550,118.895,119.3,118.21
846,2017-01-11,119.75,27453130,118.74,119.93,118.6
847,2017-01-10,119.11,24432660,118.77,119.38,118.3
848,2017-01-09,118.99,33420290,117.95,119.43,117.94
849,2017-01-06,117.91,31714820,116.78,118.16,116.47
850,2017-01-05,116.61,22115100,115.92,116.8642,115.81
851,2017-01-04,116.02,21081620,115.85,116.51,115.75
852,2017-01-03,116.15,28769220,115.8,116.33,114.76
853,2016-12-30,115.82,30555900,116.65,117.2,115.43
854,2016-12-29,116.73,14979680,116.45,117.1095,116.4
855,2016-12-28,116.76,20686510,117.52,118.0166,116.2
856,2016-12-27,117.26,18131970,116.52,117.8,116.49
857,2016-12-23,116.52,14244050,115.59,116.52,115.59
858,2016-12-22,116.29,26043820,116.35,116.51,115.64
859,2016-12-21,117.06,23724430,116.8,117.4,116.78
860,2016-12-20,116.95,21337310,116.74,117.5,116.68
861,2016-12-19,116.64,27756760,115.8,117.38,115.75
862,2016-12-16,115.97,44284660,116.47,116.5,115.645
863,2016-12-15,115.82,46286150,115.38,116.73,115.23
864,2016-12-14,115.19,33962370,115.04,116.2,114.98
865,2016-12-13,115.19,43293350,113.84,115.92,113.75
866,2016-12-12,113.3,26176690,113.29,115.0,112.49
867,2016-12-09,113.95,34324350,112.31,114.7,112.31
868,2016-12-08,112.12,27049830,110.86,112.43,110.6
869,2016-12-07,111.03,29976030,109.26,111.19,109.16
870,2016-12-06,109.95,26160560,109.5,110.36,109.19
871,2016-12-05,109.11,34113880,110.0,110.03,108.25
872,2016-12-02,109.9,26481320,109.17,110.09,108.85
873,2016-12-01,109.49,37034520,110.365,110.94,109.03
874,2016-11-30,110.52,36151450,111.6,112.2,110.27
875,2016-11-29,111.46,28507780,110.78,112.03,110.07
876,2016-11-28,111.57,27054320,111.43,112.465,111.39
877,2016-11-25,111.79,11475920,111.13,111.87,110.95
878,2016-11-23,111.23,27420550,111.36,111.51,110.33
879,2016-11-22,111.8,25931710,111.95,112.42,111.4
880,2016-11-21,111.73,29164190,110.12,111.99,110.01
881,2016-11-18,110.06,28310840,109.72,110.54,109.66
882,2016-11-17,109.95,27623150,109.81,110.35,108.83
883,2016-11-16,109.99,58724080,106.7,110.23,106.6
884,2016-11-15,107.11,32230590,106.57,107.68,106.1593
885,2016-11-14,105.71,50901380,107.71,107.809,104.08
886,2016-11-11,108.43,34117030,107.12,108.87,106.55
887,2016-11-10,107.79,57097740,111.09,111.09,105.83
888,2016-11-09,110.88,59118740,109.88,111.32,108.05
889,2016-11-08,111.06,24129630,110.31,111.72,109.7
890,2016-11-07,110.41,32361930,110.08,110.51,109.46
891,2016-11-04,108.84,30790930,108.53,110.25,108.11
892,2016-11-03,109.83,26538700,110.98,111.46,109.55
893,2016-11-02,111.59,28174980,111.4,112.35,111.23
894,2016-11-01,111.49,43403760,113.46,113.77,110.53
895,2016-10-31,113.54,26378910,113.65,114.23,113.2
896,2016-10-28,113.72,36792100,113.87,115.21,113.45
897,2016-10-27,114.48,31396130,115.39,115.86,114.1
898,2016-10-26,115.59,66028640,114.31,115.7,113.31
899,2016-10-25,118.25,46820600,117.95,118.36,117.31
900,2016-10-24,117.65,23492650,117.1,117.74,117.0
901,2016-10-21,116.6,22527690,116.81,116.91,116.28
902,2016-10-20,117.06,24100150,116.86,117.38,116.33
903,2016-10-19,117.12,19977160,117.25,117.76,113.8
904,2016-10-18,117.47,24308210,118.18,118.21,117.45
905,2016-10-17,117.55,23583810,117.33,117.84,116.78
906,2016-10-14,117.63,35626020,117.88,118.17,117.13
907,2016-10-13,116.98,35041820,116.79,117.44,115.72
908,2016-10-12,117.34,37512930,117.35,117.98,116.75
909,2016-10-11,116.3,63963010,117.7,118.69,116.2
910,2016-10-10,116.05,36087910,115.02,116.75,114.72
911,2016-10-07,114.06,24336440,114.31,114.56,113.51
912,2016-10-06,113.89,28508710,113.7,114.34,113.13
913,2016-10-05,113.05,21400410,113.4,113.66,112.69
914,2016-10-04,113.0,29707270,113.06,114.31,112.63
915,2016-10-03,112.52,21634520,112.71,113.05,112.28
916,2016-09-30,113.05,36340670,112.46,113.37,111.8
917,2016-09-29,112.18,35850010,113.16,113.8,111.8
918,2016-09-28,113.95,29608390,113.69,114.64,113.43
919,2016-09-27,113.09,24587490,113.0,113.18,112.34
920,2016-09-26,112.88,29800240,111.64,113.39,111.55
921,2016-09-23,112.71,52411070,114.42,114.79,111.55
922,2016-09-22,114.62,31048170,114.35,114.94,114.0
923,2016-09-21,113.55,35951900,113.85,113.989,112.441
924,2016-09-20,113.57,34494150,113.05,114.12,112.51
925,2016-09-19,113.58,46937190,115.19,116.18,113.25
926,2016-09-16,114.92,79763890,115.12,116.13,114.04
927,2016-09-15,115.57,90398170,113.86,115.73,113.49
928,2016-09-14,111.77,111186900,108.73,113.03,108.6
929,2016-09-13,107.95,62080160,107.51,108.79,107.24
930,2016-09-12,105.44,45114590,102.65,105.72,102.53
931,2016-09-09,103.13,46461610,104.64,105.72,103.13
932,2016-09-08,105.52,52955310,107.25,107.27,105.24
933,2016-09-07,108.36,42250480,107.83,108.76,107.07
934,2016-09-06,107.7,26645130,107.9,108.3,107.51
935,2016-09-02,107.73,26393770,107.7,108.0,106.82
936,2016-09-01,106.73,26675250,106.14,106.8,105.62
937,2016-08-31,106.1,31639010,105.66,106.5699,105.64
938,2016-08-30,106.0,24817940,105.8,106.5,105.5
939,2016-08-29,106.82,24900130,106.62,107.44,106.29
940,2016-08-26,106.94,27744300,107.41,107.95,106.31
941,2016-08-25,107.57,25001730,107.39,107.88,106.68
942,2016-08-24,108.03,23606240,108.565,108.75,107.68
943,2016-08-23,108.85,21236850,108.59,109.32,108.53
944,2016-08-22,108.51,25784420,108.86,109.1,107.85
945,2016-08-19,109.36,25108890,108.77,109.69,108.36
946,2016-08-18,109.08,21918340,109.23,109.6,109.02
947,2016-08-17,109.22,25328680,109.1,109.37,108.34
948,2016-08-16,109.38,33754680,109.63,110.23,109.21
949,2016-08-15,109.48,25704330,108.14,109.54,108.08
950,2016-08-12,108.18,18648700,107.78,108.44,107.78
951,2016-08-11,107.93,27460070,108.52,108.93,107.85
952,2016-08-10,108.0,23839880,108.71,108.9,107.76
953,2016-08-09,108.81,26296260,108.23,108.94,108.01
954,2016-08-08,108.37,28010430,107.52,108.37,107.16
955,2016-08-05,107.48,39546610,106.27,107.65,106.18
956,2016-08-04,105.87,26781730,105.58,106.0,105.28
957,2016-08-03,105.79,30148360,104.81,105.84,104.77
958,2016-08-02,104.48,33770220,106.05,106.07,104.0
959,2016-08-01,106.05,38018910,104.41,106.15,104.41
960,2016-07-29,104.21,27697970,104.19,104.55,103.68
961,2016-07-28,104.34,38771840,102.83,104.45,102.82
962,2016-07-27,102.95,92143920,104.265,104.35,102.75
963,2016-07-26,96.67,53454620,96.82,97.97,96.42
964,2016-07-25,97.34,40290580,98.25,98.84,96.92
965,2016-07-22,98.66,28218240,99.26,99.3,98.31
966,2016-07-21,99.43,32690080,99.83,101.0,99.13
967,2016-07-20,99.96,26219110,100.0,100.46,99.735
968,2016-07-19,99.87,23766360,99.56,100.0,99.34
969,2016-07-18,99.83,36464530,98.7,100.13,98.6
970,2016-07-15,98.78,30031410,98.92,99.3,98.5
971,2016-07-14,98.79,38885980,97.39,98.99,97.32
972,2016-07-13,96.87,25879680,97.41,97.67,96.84
973,2016-07-12,97.42,24129530,97.17,97.7,97.12
974,2016-07-11,96.98,23317990,96.75,97.65,96.73
975,2016-07-08,96.68,28877500,96.49,96.89,96.05
976,2016-07-07,95.94,24460850,95.7,96.5,95.62
977,2016-07-06,95.53,30877540,94.6,95.66,94.37
978,2016-07-05,94.99,27553750,95.39,95.4,94.46
979,2016-07-01,95.89,25982080,95.49,96.465,95.33
980,2016-06-30,95.6,35783320,94.44,95.77,94.3
981,2016-06-29,94.4,36505420,93.97,94.55,93.63
982,2016-06-28,93.59,40387960,92.9,93.66,92.14
983,2016-06-27,92.04,45595680,93.0,93.05,91.5
984,2016-06-24,93.4,75219710,92.91,94.655,92.65
985,2016-06-23,96.1,32042290,95.94,96.29,95.25
986,2016-06-22,95.55,29124140,96.25,96.89,95.35
987,2016-06-21,95.91,35407050,94.94,96.35,94.676
988,2016-06-20,95.1,34355970,96.0,96.57,95.03
989,2016-06-17,95.33,60793260,96.62,96.65,95.3
990,2016-06-16,97.55,31251870,96.45,97.75,96.07
991,2016-06-15,97.14,29373050,97.82,98.41,97.03
992,2016-06-14,97.46,31890740,97.32,98.475,96.75
993,2016-06-13,97.34,37708360,98.69,99.12,97.1
994,2016-06-10,98.83,31672220,98.53,99.3457,98.48
995,2016-06-09,99.65,26575570,98.5,99.99,98.46
996,2016-06-08,98.94,20839950,99.02,99.56,98.68
997,2016-06-07,99.03,22378380,99.25,99.87,98.96
998,2016-06-06,98.63,23265200,97.99,101.89,97.55
999,2016-06-03,97.92,28487570,97.79,98.27,97.45
